-- phpMyAdmin SQL Dump
-- version 4.9.5
-- https://www.phpmyadmin.net/
--
-- Servidor: localhost:3306
-- Tiempo de generación: 19-07-2021 a las 03:23:30
-- Versión del servidor: 10.3.16-MariaDB
-- Versión de PHP: 7.3.23

SET SQL_MODE = "NO_AUTO_VALUE_ON_ZERO";
SET AUTOCOMMIT = 0;
START TRANSACTION;
SET time_zone = "+00:00";


/*!40101 SET @OLD_CHARACTER_SET_CLIENT=@@CHARACTER_SET_CLIENT */;
/*!40101 SET @OLD_CHARACTER_SET_RESULTS=@@CHARACTER_SET_RESULTS */;
/*!40101 SET @OLD_COLLATION_CONNECTION=@@COLLATION_CONNECTION */;
/*!40101 SET NAMES utf8mb4 */;

--
-- Base de datos: `id15290561_liveup`
--

-- --------------------------------------------------------

--
-- Estructura de tabla para la tabla `amigos_38`
--

CREATE TABLE `amigos_38` (
  `id_amigo` int(5) NOT NULL
) ENGINE=InnoDB DEFAULT CHARSET=utf8mb4;

--
-- Volcado de datos para la tabla `amigos_38`
--

INSERT INTO `amigos_38` (`id_amigo`) VALUES
(39),
(42),
(43),
(44),
(46),
(49),
(50),
(51),
(57),
(60),
(61);

-- --------------------------------------------------------

--
-- Estructura de tabla para la tabla `amigos_39`
--

CREATE TABLE `amigos_39` (
  `id_amigo` int(5) NOT NULL
) ENGINE=InnoDB DEFAULT CHARSET=utf8mb4;

-- --------------------------------------------------------

--
-- Estructura de tabla para la tabla `amigos_40`
--

CREATE TABLE `amigos_40` (
  `id_amigo` int(5) NOT NULL
) ENGINE=InnoDB DEFAULT CHARSET=utf8 COLLATE=utf8_unicode_ci;

-- --------------------------------------------------------

--
-- Estructura de tabla para la tabla `amigos_41`
--

CREATE TABLE `amigos_41` (
  `id_amigo` int(5) NOT NULL
) ENGINE=InnoDB DEFAULT CHARSET=utf8 COLLATE=utf8_unicode_ci;

-- --------------------------------------------------------

--
-- Estructura de tabla para la tabla `amigos_42`
--

CREATE TABLE `amigos_42` (
  `id_amigo` int(5) NOT NULL
) ENGINE=InnoDB DEFAULT CHARSET=utf8 COLLATE=utf8_unicode_ci;

--
-- Volcado de datos para la tabla `amigos_42`
--

INSERT INTO `amigos_42` (`id_amigo`) VALUES
(38);

-- --------------------------------------------------------

--
-- Estructura de tabla para la tabla `amigos_43`
--

CREATE TABLE `amigos_43` (
  `id_amigo` int(5) NOT NULL
) ENGINE=InnoDB DEFAULT CHARSET=utf8 COLLATE=utf8_unicode_ci;

-- --------------------------------------------------------

--
-- Estructura de tabla para la tabla `amigos_44`
--

CREATE TABLE `amigos_44` (
  `id_amigo` int(5) NOT NULL
) ENGINE=InnoDB DEFAULT CHARSET=utf8 COLLATE=utf8_unicode_ci;

--
-- Volcado de datos para la tabla `amigos_44`
--

INSERT INTO `amigos_44` (`id_amigo`) VALUES
(45);

-- --------------------------------------------------------

--
-- Estructura de tabla para la tabla `amigos_45`
--

CREATE TABLE `amigos_45` (
  `id_amigo` int(5) NOT NULL
) ENGINE=InnoDB DEFAULT CHARSET=utf8 COLLATE=utf8_unicode_ci;

--
-- Volcado de datos para la tabla `amigos_45`
--

INSERT INTO `amigos_45` (`id_amigo`) VALUES
(44);

-- --------------------------------------------------------

--
-- Estructura de tabla para la tabla `amigos_46`
--

CREATE TABLE `amigos_46` (
  `id_amigo` int(5) NOT NULL
) ENGINE=InnoDB DEFAULT CHARSET=utf8 COLLATE=utf8_unicode_ci;

--
-- Volcado de datos para la tabla `amigos_46`
--

INSERT INTO `amigos_46` (`id_amigo`) VALUES
(43);

-- --------------------------------------------------------

--
-- Estructura de tabla para la tabla `amigos_47`
--

CREATE TABLE `amigos_47` (
  `id_amigo` int(5) NOT NULL
) ENGINE=InnoDB DEFAULT CHARSET=utf8 COLLATE=utf8_unicode_ci;

--
-- Volcado de datos para la tabla `amigos_47`
--

INSERT INTO `amigos_47` (`id_amigo`) VALUES
(38);

-- --------------------------------------------------------

--
-- Estructura de tabla para la tabla `amigos_48`
--

CREATE TABLE `amigos_48` (
  `id_amigo` int(5) NOT NULL
) ENGINE=InnoDB DEFAULT CHARSET=utf8 COLLATE=utf8_unicode_ci;

-- --------------------------------------------------------

--
-- Estructura de tabla para la tabla `amigos_49`
--

CREATE TABLE `amigos_49` (
  `id_amigo` int(5) NOT NULL
) ENGINE=InnoDB DEFAULT CHARSET=utf8 COLLATE=utf8_unicode_ci;

-- --------------------------------------------------------

--
-- Estructura de tabla para la tabla `amigos_50`
--

CREATE TABLE `amigos_50` (
  `id_amigo` int(5) NOT NULL
) ENGINE=InnoDB DEFAULT CHARSET=utf8 COLLATE=utf8_unicode_ci;

-- --------------------------------------------------------

--
-- Estructura de tabla para la tabla `amigos_51`
--

CREATE TABLE `amigos_51` (
  `id_amigo` int(5) NOT NULL
) ENGINE=InnoDB DEFAULT CHARSET=utf8 COLLATE=utf8_unicode_ci;

-- --------------------------------------------------------

--
-- Estructura de tabla para la tabla `amigos_52`
--

CREATE TABLE `amigos_52` (
  `id_amigo` int(5) NOT NULL
) ENGINE=InnoDB DEFAULT CHARSET=utf8 COLLATE=utf8_unicode_ci;

-- --------------------------------------------------------

--
-- Estructura de tabla para la tabla `amigos_53`
--

CREATE TABLE `amigos_53` (
  `id_amigo` int(5) NOT NULL
) ENGINE=InnoDB DEFAULT CHARSET=utf8 COLLATE=utf8_unicode_ci;

-- --------------------------------------------------------

--
-- Estructura de tabla para la tabla `amigos_54`
--

CREATE TABLE `amigos_54` (
  `id_amigo` int(5) NOT NULL
) ENGINE=InnoDB DEFAULT CHARSET=utf8 COLLATE=utf8_unicode_ci;

-- --------------------------------------------------------

--
-- Estructura de tabla para la tabla `amigos_55`
--

CREATE TABLE `amigos_55` (
  `id_amigo` int(5) NOT NULL
) ENGINE=InnoDB DEFAULT CHARSET=utf8 COLLATE=utf8_unicode_ci;

-- --------------------------------------------------------

--
-- Estructura de tabla para la tabla `amigos_56`
--

CREATE TABLE `amigos_56` (
  `id_amigo` int(5) NOT NULL
) ENGINE=InnoDB DEFAULT CHARSET=utf8 COLLATE=utf8_unicode_ci;

-- --------------------------------------------------------

--
-- Estructura de tabla para la tabla `amigos_57`
--

CREATE TABLE `amigos_57` (
  `id_amigo` int(5) NOT NULL
) ENGINE=InnoDB DEFAULT CHARSET=utf8 COLLATE=utf8_unicode_ci;

-- --------------------------------------------------------

--
-- Estructura de tabla para la tabla `amigos_58`
--

CREATE TABLE `amigos_58` (
  `id_amigo` int(5) NOT NULL
) ENGINE=InnoDB DEFAULT CHARSET=utf8 COLLATE=utf8_unicode_ci;

-- --------------------------------------------------------

--
-- Estructura de tabla para la tabla `amigos_59`
--

CREATE TABLE `amigos_59` (
  `id_amigo` int(5) NOT NULL
) ENGINE=InnoDB DEFAULT CHARSET=utf8 COLLATE=utf8_unicode_ci;

-- --------------------------------------------------------

--
-- Estructura de tabla para la tabla `amigos_60`
--

CREATE TABLE `amigos_60` (
  `id_amigo` int(5) NOT NULL
) ENGINE=InnoDB DEFAULT CHARSET=utf8 COLLATE=utf8_unicode_ci;

--
-- Volcado de datos para la tabla `amigos_60`
--

INSERT INTO `amigos_60` (`id_amigo`) VALUES
(38);

-- --------------------------------------------------------

--
-- Estructura de tabla para la tabla `amigos_61`
--

CREATE TABLE `amigos_61` (
  `id_amigo` int(5) NOT NULL
) ENGINE=InnoDB DEFAULT CHARSET=utf8 COLLATE=utf8_unicode_ci;

-- --------------------------------------------------------

--
-- Estructura de tabla para la tabla `amigos_62`
--

CREATE TABLE `amigos_62` (
  `id_amigo` int(5) NOT NULL
) ENGINE=InnoDB DEFAULT CHARSET=utf8 COLLATE=utf8_unicode_ci;

-- --------------------------------------------------------

--
-- Estructura de tabla para la tabla `amigos_63`
--

CREATE TABLE `amigos_63` (
  `id_amigo` int(5) NOT NULL
) ENGINE=InnoDB DEFAULT CHARSET=utf8 COLLATE=utf8_unicode_ci;

-- --------------------------------------------------------

--
-- Estructura de tabla para la tabla `amigos_64`
--

CREATE TABLE `amigos_64` (
  `id_amigo` int(5) NOT NULL
) ENGINE=InnoDB DEFAULT CHARSET=utf8 COLLATE=utf8_unicode_ci;

-- --------------------------------------------------------

--
-- Estructura de tabla para la tabla `amigos_65`
--

CREATE TABLE `amigos_65` (
  `id_amigo` int(5) NOT NULL
) ENGINE=InnoDB DEFAULT CHARSET=utf8 COLLATE=utf8_unicode_ci;

-- --------------------------------------------------------

--
-- Estructura de tabla para la tabla `amigos_66`
--

CREATE TABLE `amigos_66` (
  `id_amigo` int(5) NOT NULL
) ENGINE=InnoDB DEFAULT CHARSET=utf8 COLLATE=utf8_unicode_ci;

-- --------------------------------------------------------

--
-- Estructura de tabla para la tabla `amigos_67`
--

CREATE TABLE `amigos_67` (
  `id_amigo` int(5) NOT NULL
) ENGINE=InnoDB DEFAULT CHARSET=utf8 COLLATE=utf8_unicode_ci;

-- --------------------------------------------------------

--
-- Estructura de tabla para la tabla `amigos_68`
--

CREATE TABLE `amigos_68` (
  `id_amigo` int(5) NOT NULL
) ENGINE=InnoDB DEFAULT CHARSET=utf8 COLLATE=utf8_unicode_ci;

-- --------------------------------------------------------

--
-- Estructura de tabla para la tabla `amigos_69`
--

CREATE TABLE `amigos_69` (
  `id_amigo` int(5) NOT NULL
) ENGINE=InnoDB DEFAULT CHARSET=utf8 COLLATE=utf8_unicode_ci;

-- --------------------------------------------------------

--
-- Estructura de tabla para la tabla `amigos_70`
--

CREATE TABLE `amigos_70` (
  `id_amigo` int(5) NOT NULL
) ENGINE=InnoDB DEFAULT CHARSET=utf8 COLLATE=utf8_unicode_ci;

-- --------------------------------------------------------

--
-- Estructura de tabla para la tabla `amigos_71`
--

CREATE TABLE `amigos_71` (
  `id_amigo` int(5) NOT NULL
) ENGINE=InnoDB DEFAULT CHARSET=utf8 COLLATE=utf8_unicode_ci;

-- --------------------------------------------------------

--
-- Estructura de tabla para la tabla `amigos_72`
--

CREATE TABLE `amigos_72` (
  `id_amigo` int(5) NOT NULL
) ENGINE=InnoDB DEFAULT CHARSET=utf8 COLLATE=utf8_unicode_ci;

-- --------------------------------------------------------

--
-- Estructura de tabla para la tabla `amigos_73`
--

CREATE TABLE `amigos_73` (
  `id_amigo` int(5) NOT NULL
) ENGINE=InnoDB DEFAULT CHARSET=utf8 COLLATE=utf8_unicode_ci;

-- --------------------------------------------------------

--
-- Estructura de tabla para la tabla `amigos_74`
--

CREATE TABLE `amigos_74` (
  `id_amigo` int(5) NOT NULL
) ENGINE=InnoDB DEFAULT CHARSET=utf8 COLLATE=utf8_unicode_ci;

-- --------------------------------------------------------

--
-- Estructura de tabla para la tabla `calificacion_usuario`
--

CREATE TABLE `calificacion_usuario` (
  `id_usuario` int(11) NOT NULL,
  `id_meta_calificada` int(11) NOT NULL
) ENGINE=InnoDB DEFAULT CHARSET=utf8 COLLATE=utf8_unicode_ci;

--
-- Volcado de datos para la tabla `calificacion_usuario`
--

INSERT INTO `calificacion_usuario` (`id_usuario`, `id_meta_calificada`) VALUES
(38, 4),
(38, 5),
(38, 6),
(38, 7),
(38, 8),
(38, 10),
(38, 13),
(38, 16),
(38, 17),
(38, 17),
(38, 17),
(38, 17),
(38, 17),
(38, 17),
(38, 17),
(38, 17),
(38, 17),
(38, 17),
(38, 13),
(38, 13),
(38, 13),
(38, 13),
(38, 13),
(38, 13),
(38, 13),
(38, 13),
(38, 13),
(38, 20),
(38, 6),
(38, 6),
(38, 6),
(38, 6),
(38, 6),
(38, 6),
(38, 6),
(38, 6),
(38, 21),
(67, 23),
(38, 23),
(38, 26),
(38, 26),
(38, 26),
(38, 26),
(38, 26),
(38, 26),
(38, 26),
(38, 26),
(38, 26),
(38, 26),
(67, 32),
(67, 31),
(38, 28),
(38, 28),
(38, 28),
(38, 28),
(38, 28),
(38, 28),
(38, 28),
(38, 28),
(38, 28),
(38, 28),
(38, 36),
(38, 37),
(38, 37),
(38, 37),
(38, 37),
(38, 37),
(38, 37),
(38, 37),
(38, 37),
(38, 37),
(38, 37),
(38, 34),
(38, 36),
(38, 36),
(38, 36),
(38, 36),
(38, 36),
(38, 36),
(38, 36),
(38, 36),
(38, 36),
(38, 35),
(38, 35),
(38, 35),
(38, 35),
(38, 35),
(38, 35),
(38, 35),
(38, 35),
(38, 35),
(38, 35),
(38, 34),
(38, 30),
(38, 32),
(38, 32),
(38, 32),
(38, 32),
(38, 32),
(38, 32),
(38, 32),
(38, 32),
(38, 32),
(38, 31),
(38, 31),
(38, 31),
(38, 31),
(38, 31),
(38, 31),
(38, 31),
(38, 31),
(38, 31),
(38, 23),
(38, 23),
(38, 23),
(38, 23),
(38, 39),
(38, 39),
(38, 39),
(38, 39),
(38, 39),
(38, 39),
(38, 39),
(38, 39),
(38, 39),
(38, 39),
(57, 4),
(57, 5),
(57, 7),
(57, 18),
(57, 23),
(57, 27),
(57, 29),
(57, 8),
(57, 43),
(61, 8),
(61, 4),
(61, 18),
(61, 23),
(61, 38),
(61, 42),
(61, 43),
(49, 40),
(38, 45),
(38, 18),
(38, 48),
(38, 49),
(38, 34),
(38, 34),
(38, 34),
(38, 34),
(38, 34),
(38, 34),
(38, 34),
(38, 34),
(38, 23),
(38, 23),
(38, 55),
(52, 4),
(52, 5),
(52, 8),
(38, 41),
(38, 41),
(38, 41),
(38, 41),
(38, 41),
(38, 41),
(38, 41),
(38, 41),
(38, 41),
(38, 41),
(38, 4),
(38, 4),
(38, 4),
(38, 4),
(38, 5),
(38, 7),
(38, 7),
(38, 7),
(38, 7),
(38, 7),
(38, 7),
(38, 8),
(38, 8),
(38, 8),
(38, 8),
(38, 8),
(38, 18),
(38, 56),
(38, 21),
(38, 18),
(38, 18),
(38, 18),
(38, 18),
(38, 18),
(38, 18),
(38, 21),
(38, 21),
(38, 21),
(38, 21),
(38, 21),
(38, 21),
(38, 21),
(38, 21),
(38, 27),
(38, 27),
(38, 27),
(38, 27),
(38, 27),
(38, 27),
(38, 27),
(38, 27),
(38, 27),
(38, 29),
(38, 29),
(38, 29),
(38, 29),
(38, 29),
(38, 29),
(38, 29),
(38, 29),
(38, 29),
(38, 30),
(38, 30),
(38, 30),
(38, 30),
(38, 30),
(38, 30),
(38, 30),
(38, 30),
(38, 30),
(38, 47),
(38, 47),
(38, 47),
(38, 47),
(38, 47),
(38, 47),
(38, 47),
(38, 47),
(38, 47),
(38, 47),
(69, 40),
(38, 57),
(38, 57),
(38, 57),
(38, 57),
(38, 57),
(38, 57),
(38, 57),
(38, 57),
(38, 57),
(38, 57),
(38, 50),
(38, 51),
(38, 55),
(38, 55),
(38, 55),
(38, 55),
(38, 55),
(38, 55),
(38, 55),
(38, 55),
(38, 55),
(38, 51),
(38, 51),
(38, 51),
(38, 56),
(38, 51),
(38, 51),
(38, 51),
(38, 51),
(38, 51),
(38, 51),
(38, 50),
(38, 50),
(38, 50),
(38, 50),
(38, 50),
(38, 50),
(38, 50),
(38, 50),
(38, 50),
(38, 56),
(38, 56),
(38, 56),
(38, 56),
(38, 56),
(38, 56),
(38, 56),
(38, 56),
(38, 40),
(38, 40),
(38, 40),
(38, 40),
(38, 40),
(38, 40),
(38, 40),
(38, 40),
(38, 42),
(38, 42),
(38, 42),
(38, 42),
(38, 42),
(38, 42),
(38, 42),
(38, 42),
(38, 42),
(38, 43),
(38, 43),
(38, 43),
(38, 43),
(38, 43),
(38, 43),
(38, 43),
(38, 43),
(57, 22),
(57, 22),
(57, 22),
(57, 22),
(57, 22),
(57, 22),
(57, 22),
(57, 22),
(57, 22),
(57, 22),
(38, 59),
(38, 59),
(38, 59),
(38, 59),
(38, 59),
(38, 59),
(38, 59),
(38, 59),
(38, 59),
(38, 59),
(38, 62),
(74, 62),
(38, 63),
(38, 62),
(57, 62),
(57, 63),
(57, 61),
(57, 61),
(57, 61),
(57, 61);

-- --------------------------------------------------------

--
-- Estructura de tabla para la tabla `logros`
--

CREATE TABLE `logros` (
  `id_logro` int(3) NOT NULL,
  `id_padre` int(3) NOT NULL,
  `privada` tinyint(1) NOT NULL DEFAULT 0,
  `texto_logro` varchar(255) NOT NULL,
  `calificada` tinyint(1) NOT NULL DEFAULT 0,
  `puntos` int(2) NOT NULL DEFAULT 0,
  `cantidad_calificacion` int(2) NOT NULL DEFAULT 0,
  `promedio_puntos` int(3) NOT NULL DEFAULT 0,
  `puntos_subidos` tinyint(1) NOT NULL DEFAULT 0,
  `hash` varchar(32) NOT NULL
) ENGINE=InnoDB DEFAULT CHARSET=utf8mb4;

--
-- Volcado de datos para la tabla `logros`
--

INSERT INTO `logros` (`id_logro`, `id_padre`, `privada`, `texto_logro`, `calificada`, `puntos`, `cantidad_calificacion`, `promedio_puntos`, `puntos_subidos`, `hash`) VALUES
(2, 38, 0, 'Creé la página de logros', 1, 440, 10, 44, 1, '4e4b5fbbbb602b6d35bea8460aa8f8e5'),
(3, 52, 0, 'Mejore en fortnite xd', 1, 410, 10, 41, 1, '6faa8040da20ef399b63a72d0e4ab575'),
(4, 57, 0, 'Terminar mi práctica de laboratorio', 1, 500, 10, 50, 1, 'ba2fd310dcaa8781a9a652a31baf3c68'),
(5, 57, 0, 'Terminar mis tareas de tutorías', 1, 420, 10, 42, 1, 'c24cd76e1ce41366a4bbe8a49b02a028'),
(6, 40, 0, 'Salir de casa a la tienda :3', 1, 200, 10, 20, 1, '142949df56ea8ae0be8b5306971900a4'),
(7, 38, 0, 'Arelis Reyes checó el proyecto y le gustó.!', 0, 0, 0, 0, 0, 'dc6a6489640ca02b0d42dabeb8e46bb7'),
(8, 57, 0, 'Gané 50 pesos ', 1, 390, 10, 39, 1, 'e94550c93cd70fe748e6982b3439ad3b');

-- --------------------------------------------------------

--
-- Estructura de tabla para la tabla `logros_calificados`
--

CREATE TABLE `logros_calificados` (
  `id_usuario` int(3) NOT NULL,
  `id_logro` int(3) NOT NULL
) ENGINE=InnoDB DEFAULT CHARSET=utf8mb4;

--
-- Volcado de datos para la tabla `logros_calificados`
--

INSERT INTO `logros_calificados` (`id_usuario`, `id_logro`) VALUES
(38, 2),
(57, 2),
(57, 3),
(38, 4),
(38, 4),
(38, 4),
(38, 4),
(38, 4),
(38, 4),
(38, 4),
(38, 4),
(38, 4),
(38, 4),
(38, 3),
(38, 3),
(38, 3),
(38, 3),
(38, 3),
(38, 3),
(38, 3),
(38, 3),
(38, 3),
(38, 2),
(38, 2),
(38, 2),
(38, 2),
(38, 2),
(38, 2),
(38, 5),
(38, 5),
(38, 5),
(38, 5),
(38, 5),
(38, 5),
(38, 5),
(38, 5),
(38, 5),
(38, 5),
(38, 6),
(38, 6),
(38, 6),
(38, 6),
(38, 6),
(38, 6),
(38, 6),
(38, 6),
(38, 6),
(38, 6),
(38, 8),
(38, 8),
(38, 8),
(38, 8),
(38, 8),
(38, 8),
(38, 8),
(38, 8),
(38, 8),
(38, 8);

-- --------------------------------------------------------

--
-- Estructura de tabla para la tabla `metas`
--

CREATE TABLE `metas` (
  `id_meta` int(5) NOT NULL,
  `id_padre` int(5) NOT NULL,
  `texto_meta` varchar(512) COLLATE utf8_unicode_ci NOT NULL,
  `cumplida` int(1) NOT NULL DEFAULT 0,
  `porcentaje` int(3) NOT NULL DEFAULT 0,
  `hash` varchar(32) COLLATE utf8_unicode_ci NOT NULL,
  `fecha_subida` timestamp NOT NULL DEFAULT current_timestamp(),
  `calificada` int(1) NOT NULL DEFAULT 0,
  `puntos` int(3) NOT NULL DEFAULT 0,
  `cantidad_calificacion` int(3) NOT NULL DEFAULT 0,
  `promedio_puntos` int(11) NOT NULL DEFAULT 0,
  `puntos_subidos` tinyint(1) NOT NULL DEFAULT 0,
  `privada` tinyint(1) NOT NULL DEFAULT 0
) ENGINE=InnoDB DEFAULT CHARSET=utf8 COLLATE=utf8_unicode_ci;

--
-- Volcado de datos para la tabla `metas`
--

INSERT INTO `metas` (`id_meta`, `id_padre`, `texto_meta`, `cumplida`, `porcentaje`, `hash`, `fecha_subida`, `calificada`, `puntos`, `cantidad_calificacion`, `promedio_puntos`, `puntos_subidos`, `privada`) VALUES
(4, 56, 'Terminar la prepa ', 0, 0, '9cf81d8026a9018052c429cc4e56739b', '2021-04-24 04:20:32', 1, 470, 10, 47, 0, 0),
(5, 56, 'Dormir temprano', 0, 0, '185c29dc24325934ee377cfda20e414c', '2021-04-24 04:21:07', 1, 400, 10, 40, 0, 0),
(6, 57, 'Pasar cálculo integral con más de 8', 1, 100, '71ad16ad2c4d81f348082ff6c4b20768', '2021-04-24 20:49:26', 1, 500, 10, 50, 1, 0),
(7, 59, 'Conseguir amigos', 0, 0, '006f52e9102a8d3be2fe5614f42ba989', '2021-04-27 00:07:11', 1, 480, 10, 48, 0, 0),
(8, 60, 'Entrar a la uni c:', 0, 0, 'd67d8ab4f4c10bf22aa353e27879133c', '2021-04-27 02:03:26', 1, 470, 10, 47, 0, 0),
(11, 61, 'Estudiar para el examen de la uni', 1, 100, '1385974ed5904a438616ff7bdb3f7439', '2021-04-27 16:14:17', 1, 500, 10, 50, 1, 0),
(12, 57, 'Mamarme Grays anatomy', 0, 50, '3871bd64012152bfb53fdf04b401193f', '2021-04-28 01:08:24', 1, 1500, 10, 150, 0, 0),
(13, 38, 'Crear sistema de link en la parte de amigos', 1, 100, '7dcd340d84f762eba80aa538b0c527f7', '2021-04-28 01:45:37', 1, 500, 10, 50, 1, 0),
(16, 62, 'Ver one piece ', 0, 0, '298f95e1bf9136124592c8d4825a06fc', '2021-04-28 02:25:17', 1, 3000, 10, 300, 0, 0),
(17, 61, 'Tarea de filosofía', 1, 100, 'afd4836712c5e77550897e25711e1d96', '2021-04-28 02:44:19', 1, 500, 10, 50, 1, 0),
(18, 38, 'Darle más acciones a los admin', 0, 50, '10a5ab2db37feedfdeaab192ead4ac0e', '2021-04-28 18:47:36', 1, 450, 10, 45, 0, 2),
(21, 38, 'Live-up', 0, 27, 'a516a87cfcaef229b342c437fe2b95f7', '2021-05-04 00:19:16', 1, 500, 10, 50, 0, 0),
(22, 66, 'Terminar la ilustración en la que trabajo ✨', 0, 0, 'a8baa56554f96369ab93e4f3bb068c22', '2021-05-06 16:16:17', 1, 400, 10, 40, 0, 0),
(23, 67, 'Follarme al Ded', 0, 8, '8f53295a73878494e9bc8dd6c3c7104f', '2021-05-18 23:22:09', 1, 120, 10, 12, 0, 0),
(26, 49, 'Kakegurui :)', 0, 50, 'f29c21d4897f78948b91f03172341b7b', '2021-05-19 02:36:14', 1, 500, 10, 50, 0, 0),
(27, 49, 'Tareas Haruo', 0, 80, '0d7de1aca9299fe63f3e0041f02638a3', '2021-05-19 02:45:58', 1, 320, 10, 32, 0, 0),
(28, 49, 'Estoy aprendiendo gixa, no te burles', 1, 100, '109a0ca3bc27f3e96597370d5c8cf03d', '2021-05-19 02:46:16', 1, 210, 10, 21, 1, 0),
(29, 49, 'Eromanga', 1, 100, '2ba596643cbbbc20318224181fa46b28', '2021-05-19 02:55:54', 1, 310, 10, 31, 1, 0),
(30, 49, 'Fullmetal', 0, 0, '8b16ebc056e613024c057be590b542eb', '2021-05-19 02:56:37', 1, 500, 10, 50, 0, 0),
(31, 67, 'Masturbar bagabundos', 0, 0, '352407221afb776e3143e8a1a0577885', '2021-05-19 03:09:08', 1, 0, 10, 0, 0, 0),
(32, 67, 'Adoctrinar pirujas', 0, 0, 'd9d4f495e875a2e075a1a4a6e1b9770f', '2021-05-19 03:27:58', 1, 0, 10, 0, 0, 0),
(34, 68, 'Mandar pendientes al admin XD', 1, 100, '9be40cee5b0eee1462c82c6964087ff9', '2021-05-19 13:26:07', 1, 500, 10, 50, 1, 0),
(35, 68, 'Llevar al día PM', 0, 50, '14bfa6bb14875e45bba028a21ed38046', '2021-05-19 13:31:21', 1, 500, 10, 50, 0, 1),
(36, 49, 'Haruo 2', 0, 0, 'eb160de1de89d9058fcb0b968dbbbd68', '2021-05-19 14:59:05', 1, 500, 10, 50, 0, 0),
(37, 49, 'Terminar pintura chihiro', 0, 0, '0bb4aec1710521c12ee76289d9440817', '2021-05-19 15:09:18', 1, 500, 10, 50, 0, 0),
(38, 38, 'Extra de live up: Añadir metas privadas', 1, 100, 'ad972f10e0800b49d76fed33a21f6698', '2021-05-20 23:42:22', 1, 400, 10, 40, 1, 0),
(39, 61, 'Empezar a hacer tareas', 0, 75, '2f2b265625d76a6704b08093c652fd79', '2021-05-23 13:24:33', 1, 500, 10, 50, 0, 0),
(40, 38, 'Extra de live up: Hacer que envíe notificaciones', 0, 0, 'ad61ab143223efbc24c7d2583be69251', '2021-05-25 02:57:18', 1, 500, 10, 50, 0, 0),
(41, 38, 'Extra de live up: añadir pequeños logros', 1, 100, '9c01802ddb981e6bcfbec0f0516b8e35', '2021-05-25 02:57:36', 1, 500, 10, 50, 1, 0),
(42, 38, 'Extra de live up: añadir logros internos de la app', 0, 0, '735b90b4568125ed6c3f678819b6e058', '2021-05-25 02:57:50', 1, 500, 10, 50, 0, 0),
(43, 38, 'Extra de live up: dar puntos por caificar metas', 0, 0, '019d385eb67632a7e958e23f24bd07d7', '2021-05-25 03:02:38', 1, 480, 10, 48, 0, 0),
(45, 57, 'Intimar por primera vez con mi novio ', 1, 100, '84f7e69969dea92a925508f7c1f9579a', '2021-05-25 05:30:42', 1, 500, 10, 50, 1, 2),
(47, 57, 'Volver a intimar antes de mi cumpleaños', 1, 100, '2afe4567e1bf64d32a5527244d104cea', '2021-05-25 05:40:30', 1, 490, 10, 49, 1, 2),
(50, 68, 'Primer entregable PP', 0, 0, 'fc490ca45c00b1249bbe3554a4fdf6fb', '2021-05-25 15:16:46', 1, 500, 10, 50, 0, 1),
(51, 68, 'LR RMKAR', 0, 0, '03afdbd66e7929b125f8597834fa83a4', '2021-05-25 15:20:19', 1, 500, 10, 50, 0, 0),
(55, 52, 'Acabar la prepa ', 0, 40, '1ff1de774005f8da13f42943881c655f', '2021-05-26 21:26:24', 1, 400, 10, 40, 0, 0),
(56, 52, 'Entrar ala Universidad', 0, 0, '872488f88d1b2db54d55bc8bba2fad1b', '2021-05-26 21:29:03', 1, 500, 10, 50, 0, 0),
(57, 72, 'Hacer un tiktok', 1, 100, '5ef698cd9fe650923ea331c15af3b160', '2021-05-27 02:34:07', 1, 120, 10, 12, 1, 0),
(59, 57, 'Avance en el rol 1 con Tanjiro ', 0, 92, 'b2f627fff19fda463cb386442eac2b3d', '2021-06-01 16:06:58', 1, 500, 10, 50, 0, 0),
(60, 73, 'Probando', 0, 0, 'e2c0be24560d78c5e599c2a9c9d0bbd2', '2021-06-14 16:30:00', 0, 0, 0, 0, 0, 0),
(61, 57, 'Aprenderme Scaled and Ice', 0, 0, '7f5d04d189dfb634e6a85bb9d9adf21e', '2021-06-18 23:59:26', 0, 200, 4, 50, 0, 0),
(62, 74, 'Seguir respirando', 1, 100, '5737c6ec2e0716f3d8a7a5c4e0de0d9a', '2021-06-21 04:36:22', 0, 140, 4, 35, 0, 0),
(63, 57, 'Dibujar a mis bebés de KnY', 0, 5, '2dace78f80bc92e6d7493423d729448e', '2021-06-22 04:38:53', 0, 100, 2, 50, 0, 0);

-- --------------------------------------------------------

--
-- Estructura de tabla para la tabla `minimetas`
--

CREATE TABLE `minimetas` (
  `id_tarea` int(3) NOT NULL,
  `meta_madre` int(3) NOT NULL,
  `usuario` int(3) NOT NULL,
  `completada` int(3) NOT NULL DEFAULT 0,
  `texto_tarea` varchar(255) NOT NULL,
  `porcentaje` int(3) NOT NULL
) ENGINE=InnoDB DEFAULT CHARSET=utf8mb4;

--
-- Volcado de datos para la tabla `minimetas`
--

INSERT INTO `minimetas` (`id_tarea`, `meta_madre`, `usuario`, `completada`, `texto_tarea`, `porcentaje`) VALUES
(36, 11, 61, 1, 'Iniciar con química', 50),
(37, 6, 57, 1, 'Pasar examen 1', 30),
(38, 6, 57, 1, 'Pasar examen 2', 30),
(40, 6, 57, 1, 'Pasar examen 3', 40),
(41, 12, 57, 1, 'Temporada 1', 5),
(42, 12, 57, 1, 'Temporada 2', 10),
(43, 13, 38, 1, 'Leer el código de amigos.php', 20),
(44, 13, 38, 1, 'Añadir el vínculo con idBuscado', 80),
(45, 17, 61, 1, 'Leer la lectura que mando y sacar mi conclusión para después empezar a realizarla ', 100),
(47, 12, 57, 1, 'Temporada 3', 5),
(48, 12, 57, 1, 'Temporada 4', 5),
(49, 18, 38, 1, 'Agregar el sistema de edición y eliminación absoluta para todos los admin. ', 30),
(50, 21, 38, 1, 'Crear sistema de metas', 2),
(51, 21, 38, 1, 'Crear sistema de tareas', 2),
(52, 21, 38, 1, 'Crear sistema de amigos', 2),
(53, 21, 38, 1, 'Crear sistema de puntos', 10),
(54, 21, 38, 1, 'Crear leaderboards', 5),
(55, 21, 38, 1, 'Crear sistema de calificación de puntos', 5),
(56, 21, 38, 1, 'Añadir funcionalidad a los nombres de usuario', 1),
(57, 21, 38, 0, 'Mejorar la UI', 5),
(58, 21, 38, 0, 'Crear configuración', 5),
(59, 21, 38, 0, 'Añadir premios', 20),
(60, 21, 38, 0, 'Añadir sistema de monedas', 10),
(62, 21, 38, 0, 'Hacerle publicidad a Live up', 10),
(63, 12, 57, 1, 'Temporada 5', 5),
(64, 23, 67, 1, 'Lerme la gia del ligue del chango mamon', 1),
(65, 23, 67, 1, 'chaquetearme viendo sus strims', 2),
(66, 23, 67, 1, 'mandaar a chingar asu madre al uriel', -38),
(67, 23, 67, 1, 'nooooooooooooooooooooooooo menos 35, vale riata raza chingo asu madre mi meta :c', -56),
(68, 23, 67, 1, 'Follarme al admin c:', 99),
(70, 26, 49, 1, 'Primera temporada', 50),
(71, 26, 49, 0, 'Segunda temporada', 50),
(73, 27, 49, 1, 'Literatura T.A', 20),
(74, 27, 49, 1, 'Ciencias cruzamiento', 20),
(75, 27, 49, 1, 'Mate 1', 20),
(76, 27, 49, 1, 'Historia', 20),
(77, 27, 49, 0, 'Peatón', 20),
(78, 28, 49, 1, 'Imbécil', 100),
(79, 29, 49, 1, 'Toda ', 100),
(80, 30, 49, 0, 'Toda', 100),
(81, 31, 67, 0, 'conseguir tiner jsjsjsj', 10),
(82, 31, 67, 0, 'conseguir una rata morida ajsasajas', 10),
(83, 34, 68, 1, 'RNMAR41', 80),
(84, 36, 49, 0, 'Guaraní 4', 5),
(85, 36, 49, 0, 'E. Física 3', 5),
(86, 36, 49, 0, 'Contabilidad 4', 5),
(87, 36, 49, 0, 'Seminario ', 5),
(88, 36, 49, 0, 'Inglés 5', 5),
(89, 36, 49, 0, 'Ciencias 5', 5),
(90, 36, 49, 0, 'Literatura 5', 5),
(91, 37, 49, 0, 'Fondo', 20),
(92, 37, 49, 0, 'Pelaje', 30),
(93, 37, 49, 0, 'Chihiro', 10),
(94, 37, 49, 0, 'Borrar cuadros ', 10),
(95, 37, 49, 0, 'Detalles ', 30),
(96, 21, 38, 0, 'Subir la página a un servidor de pago', 23),
(97, 38, 38, 1, 'Buscar el icono adecuado', 10),
(98, 38, 38, 1, 'Crear sistema de diferenciación entre una meta normal y una privada', 20),
(99, 38, 38, 1, 'Crear sistema de listado nuevo', 20),
(100, 38, 38, 1, 'Evitar que las metas sean listadas cuando una meta es privada y se metan a tu perfil', 40),
(101, 11, 61, 1, 'Hacer el examen', 50),
(102, 39, 61, 0, 'Tarea de temas de administración', 25),
(103, 39, 61, 1, 'Tarea de Martha', 25),
(104, 39, 61, 1, 'Tarea de probabilidad', 25),
(105, 12, 57, 1, 'Temporada 6', 5),
(106, 40, 38, 0, 'Agregar el framework de las notificaciones', 30),
(107, 40, 38, 0, 'Agregar ek srcipt en chrono jobs', 40),
(108, 40, 38, 0, 'Configurar las notificaciones', 30),
(109, 41, 38, 1, 'Agregar el script de los logros', 80),
(111, 41, 38, 1, 'Hacer que los califiquen como una meta', 20),
(112, 42, 38, 0, 'Pensar en los logros', 20),
(113, 43, 38, 0, 'Agregar script para dar puntos por calificar metas', 100),
(115, 45, 57, 1, 'Intimar', 100),
(116, 47, 57, 1, 'Intimar', 100),
(117, 38, 38, 1, 'Publicar el sistema nuevo', 10),
(120, 34, 68, 1, 'Enviar archivos', 20),
(121, 35, 68, 1, '66', 50),
(122, 35, 68, 0, '67', 50),
(123, 51, 68, 0, 'C42', 20),
(124, 51, 68, 0, 'C43', 20),
(125, 39, 61, 1, 'Tarea de Aquino', 25),
(126, 55, 52, 1, 'Acabar las últimas tareas de dibujo tecnico', 20),
(127, 55, 52, 1, 'Acabar las últimas tareas de fisica', 20),
(128, 55, 52, 0, 'Acabar las últimas tareas de calculo', 20),
(129, 55, 52, 0, 'Acabar las últimas tareas de android', 20),
(130, 56, 52, 0, 'Pasar el examen de admisión', 100),
(131, 55, 52, 0, 'Acabar las últimas tareas de IOS', 20),
(132, 57, 72, 1, 'Grabarlo', 50),
(133, 57, 72, 1, 'Editarlo', 50),
(134, 18, 38, 1, 'Hacer que puedan ver metas privadas', 20),
(135, 59, 57, 1, 'Que me diga que le gusto', 10),
(136, 59, 57, 1, 'Que seamos novios ✨', 10),
(137, 59, 57, 1, 'Que nos reconciliemos xd', 10),
(138, 59, 57, 1, 'Que me pida matrimonio', 10),
(139, 59, 57, 1, 'Que nos casemos ', 10),
(140, 59, 57, 1, 'Que nos reconciliemos otra vez', 10),
(141, 59, 57, 1, 'Si sabemos que es esto xd', 10),
(142, 59, 57, 1, 'Nos comprometimos', 10),
(143, 59, 57, 1, 'Embarazarnos y que está vez no muera la criatura xd', 10),
(144, 12, 57, 1, 'Temporada 7', 5),
(145, 59, 57, 1, 'Tener 1 hijo', 1),
(146, 61, 57, 0, 'Good day', 9),
(147, 59, 57, 1, 'Tener 2 hijos ', 1),
(148, 62, 74, 1, 'Vivir', 100),
(149, 63, 57, 1, 'Tanjiro', 5),
(150, 12, 57, 1, 'Temporada 8', 5),
(151, 12, 57, 1, 'Temporada 9', 5),
(152, 12, 57, 0, 'Temporada 10', 5),
(153, 12, 57, 0, 'Temporada 11', 5),
(154, 12, 57, 0, 'Temporada 12', 5),
(155, 12, 57, 0, 'Temporada 13', 5),
(156, 12, 57, 0, 'Temporada 14', 5),
(157, 12, 57, 0, 'Temporada 15', 5),
(158, 12, 57, 0, 'Temporada 16', 5),
(159, 12, 57, 0, 'Temporada 17', 5);

-- --------------------------------------------------------

--
-- Estructura de tabla para la tabla `users`
--

CREATE TABLE `users` (
  `idusuario` int(11) NOT NULL,
  `usuario` varchar(45) NOT NULL DEFAULT '',
  `password` varchar(45) NOT NULL DEFAULT '',
  `mail` varchar(45) NOT NULL DEFAULT '',
  `subido` datetime NOT NULL DEFAULT current_timestamp(),
  `estado` tinyint(1) NOT NULL DEFAULT 0,
  `verificada` tinyint(1) NOT NULL DEFAULT 0,
  `hash` varchar(32) NOT NULL,
  `nivel` int(10) NOT NULL,
  `porcentaje_nivel` int(3) NOT NULL DEFAULT 0,
  `puntaje` int(9) NOT NULL DEFAULT 0,
  `admin` tinyint(1) NOT NULL DEFAULT 0,
  `actualizado` tinyint(1) NOT NULL DEFAULT 0,
  `introducido_logros` tinyint(1) NOT NULL DEFAULT 0
) ENGINE=InnoDB DEFAULT CHARSET=utf8mb4;

--
-- Volcado de datos para la tabla `users`
--

INSERT INTO `users` (`idusuario`, `usuario`, `password`, `mail`, `subido`, `estado`, `verificada`, `hash`, `nivel`, `porcentaje_nivel`, `puntaje`, `admin`, `actualizado`, `introducido_logros`) VALUES
(38, 'Gixarde3', 'admin', 'antoniochavezmarco@gmail.com', '2021-01-15 17:37:29', 1, 1, 'bbcbff5c1f1ded46c25d28119a85c6c2', 1, 40, 184, 1, 1, 1),
(39, 'Diana ', 'prueba', 'cosillasgixarde@gmail.com', '2021-01-18 00:11:47', 1, 1, 'ec5aa0b7846082a2415f0902f0da88f2', 1, 0, 0, 0, 0, 0),
(40, 'Max_g707', 'MAFUYU22', 'lsg_9411@hotmail.com', '2021-01-20 00:08:50', 1, 1, 'fc8001f834f6a5f0561080d134d53d29', 1, 0, 20, 0, 1, 1),
(41, 'Pedro', 'prueba', 'liveupprueba@gmail.com', '2021-01-20 00:16:51', 1, 0, '389bc7bb1e1c2a5e7e147703232a88f6', 1, 0, 0, 0, 0, 0),
(42, 'DianaGranados', '2902uAlm', 'granadosdiana805@gmail.com', '2021-01-20 05:31:58', 1, 1, '19ca14e7ea6328a42e0eb13d585e4c22', 1, 0, 0, 0, 0, 0),
(43, 'Dani', 'sandoval123', 'Daniela@gmail.com', '2021-01-21 06:10:46', 1, 0, '31839b036f63806cba3f47b93af8ccb5', 1, 0, 0, 0, 0, 0),
(44, 'ItzelLaNoviaDeDiego777', 'Papi1234', 'itzelc605@gmail.com', '2021-01-21 06:11:39', 1, 1, 'f0935e4cd5920aa6c7c996a5ee53a70f', 1, 0, 0, 0, 0, 0),
(45, 'DiegoElNovioDeItzel777', 'Popo1234', 'Deigoxilla.gameplays@gmail.com', '2021-01-21 06:13:30', 1, 0, '26408ffa703a72e8ac0117e74ad46f33', 1, 0, 0, 0, 0, 0),
(46, 'Melanie', 'nofunciona', 'Ponte@yopmail.com', '2021-02-07 22:48:47', 1, 0, '02522a2b2726fb0a03bb19f2d8d9524d', 1, 0, 0, 0, 0, 0),
(47, 'El amor de su vida', 'fffff56', 'dancollazop@gmail.com', '2021-02-09 00:55:58', 1, 0, 'fc49306d97602c8ed1be1dfbf0835ead', 1, 0, 0, 0, 0, 0),
(48, '⁰¹ZaelMendoza⁰¹', 'Hola2021', 'inaho.mendoza.777@gmail.com', '2021-02-09 03:55:42', 1, 0, 'f85454e8279be180185cac7d243c5eb3', 1, 0, 0, 0, 0, 0),
(49, 'Kitsuu', 'invierno04', 'elianagonzalezacosta95@gmail.com', '2021-02-09 15:39:55', 1, 0, '66368270ffd51418ec58bd793f2d9b1b', 1, 0, 52, 0, 1, 0),
(50, 'Paola', 'nousavonsducafe', 'paola.german1508@gmail.com ', '2021-02-18 18:22:29', 1, 0, 'a2557a7b2e94197ff767970b67041697', 1, 0, 0, 1, 0, 0),
(51, 'Galletita:3', 'holis22', 'kpilulo@gmail.com', '2021-02-18 18:56:24', 1, 0, 'a3d68b461bd9d3533ee1dd3ce4628ed4', 1, 0, 0, 0, 0, 0),
(52, 'Ghost Isaai', 'curioship587432', 'ghostisaa9@gmail.com', '2021-02-18 22:37:43', 1, 0, 'e2a2dcc36a08a345332c751b2f2e476c', 1, 0, 41, 0, 1, 1),
(53, 'Alan', 'Control_17', 'Alanveto@live.com.mx ', '2021-02-22 21:51:33', 1, 0, 'e70611883d2760c8bbafb4acb29e3446', 1, 30, 0, 0, 0, 0),
(54, 'Martin', 'GarrixyEmiliano2003', 'martinjt2003@gmail.com', '2021-02-22 22:27:13', 1, 0, 'b7b16ecf8ca53723593894116071700c', 1, 0, 0, 0, 0, 0),
(55, 'Betoo0218', 'B123', 'golf200.h@gmail.com', '2021-02-23 03:35:15', 1, 0, '912d2b1c7b2826caf99687388d2e8f7c', 1, 0, 0, 0, 0, 0),
(56, 'José ', 'jose4321', 'josebautistahernandez004@gmail.com', '2021-04-24 04:20:19', 1, 0, 'fe9fc289c3ff0af142b6d3bead98a923', 1, 0, 0, 0, 0, 0),
(57, 'Anapao765', 'Kisawea765', 'anapao765@gmail.com', '2021-04-24 20:46:31', 1, 0, 'b706835de79a2b4e80506f582af3676a', 1, 0, 280, 1, 1, 1),
(58, 'Pene', 'penedehombre', 'mario12proprimos@gmail.com', '2021-04-27 00:00:43', 1, 0, '2bb232c0b13c774965ef8558f0fbd615', 1, 0, 0, 0, 0, 0),
(59, 'Ilse', 'amyrodriguez', 'Ilsesilva19@hotmaul.com', '2021-04-27 00:05:51', 1, 0, '470e7a4f017a5476afb7eeb3f8b96f9b', 1, 0, 0, 0, 0, 0),
(60, 'Missweird6', 'daphneUwU7', 'Itzze123@gmail.com', '2021-04-27 01:51:27', 1, 0, '8d5e957f297893487bd98fa830fa6413', 1, 0, 0, 1, 0, 0),
(61, 'Hazard', 'Calaveritasdeazucarxd', 'gallegoshernandezdianaedith@gmail.com', '2021-04-27 16:13:14', 1, 0, 'c45147dee729311ef5b5c3003946c48f', 1, 0, 100, 1, 1, 0),
(62, 'Chips moradas', 'natsu123', 'dragneelnaomi50@gmail.com', '2021-04-28 02:24:55', 1, 0, '22fb0cee7e1f3bde58293de743871417', 1, 0, 0, 0, 0, 0),
(63, '€miProXD', 'Fr33F1r3', 'antoniochavezmarco3@gmail.com', '2021-04-30 05:54:40', 1, 0, '258be18e31c8188555c2ff05b4d542c3', 1, 0, 0, 0, 0, 0),
(64, 'UsuarioNuevo', 'Yokhese', 'cualquiercosa@cualquiercosa.com', '2021-04-30 06:04:29', 1, 0, 'f033ab37c30201f73f142449d037028d', 1, 0, 0, 0, 0, 0),
(65, 'Angela ', 'hola', 'angelesjara02@gmail.com', '2021-04-30 18:45:26', 1, 0, '3416a75f4cea9109507cacd8e2f2aefc', 1, 0, 0, 0, 0, 0),
(66, 'Syrup', 'dropdeath', 'Mushytoadstool16@gmail.com', '2021-05-06 16:14:38', 1, 0, 'd490d7b4576290fa60eb31b5fc917ad1', 1, 0, 0, 0, 0, 0),
(67, 'PussyDestoryer', 'qwerty123456', 'PussyDestoryer@gmail.com', '2021-05-18 23:21:49', 1, 0, '9ab0d88431732957a618d4a469a0d4c3', 1, 0, 0, 0, 0, 0),
(68, 'Tsubame', 'Comemascarnedecerdo', 'qitannyddale-5746@yopmail.com', '2021-05-19 12:56:46', 1, 0, '788d986905533aba051261497ecffcbb', 1, 0, 50, 0, 0, 0),
(69, 'CuentaParaProbarNoAdmin', 'xd', 'Pffff@gmail.com', '2021-05-25 04:52:31', 1, 0, 'c06d06da9666a219db15cf575aff2824', 1, 0, 0, 0, 1, 1),
(70, 'Prbandodoble', 'an', 'Xd', '2021-05-25 04:56:55', 1, 0, '67c6a1e7ce56d3d6fa748ab6d9af3fd7', 1, 0, 0, 0, 0, 0),
(71, 'Yo Nero pto', 'M@ncoGamer', 'angelgibranpenalozajuarez@gmail.com', '2021-05-25 18:16:37', 1, 0, '68053af2923e00204c3ca7c6a3150cf7', 1, 0, 0, 0, 1, 0),
(72, 'Ajani', 'chabuelo123', 'angeleo.diazcruz@gmail.com', '2021-05-27 02:32:35', 1, 0, '371bce7dc83817b7893bcdeed13799b5', 1, 0, 12, 0, 1, 0),
(73, 'Lisset', 'Mochess77', 'antonixs@gmail.com', '2021-06-14 16:25:42', 1, 0, '024d7f84fff11dd7e8d9c510137a2381', 1, 0, 0, 0, 1, 1),
(74, 'Lolo', 'lolo707', 'rociotomafanta@yahoo.com', '2021-06-21 04:35:35', 1, 0, '82489c9737cc245530c7a6ebef3753ec', 1, 0, 0, 0, 1, 0);

--
-- Índices para tablas volcadas
--

--
-- Indices de la tabla `amigos_38`
--
ALTER TABLE `amigos_38`
  ADD PRIMARY KEY (`id_amigo`);

--
-- Indices de la tabla `amigos_39`
--
ALTER TABLE `amigos_39`
  ADD PRIMARY KEY (`id_amigo`);

--
-- Indices de la tabla `amigos_40`
--
ALTER TABLE `amigos_40`
  ADD PRIMARY KEY (`id_amigo`);

--
-- Indices de la tabla `amigos_41`
--
ALTER TABLE `amigos_41`
  ADD PRIMARY KEY (`id_amigo`);

--
-- Indices de la tabla `amigos_42`
--
ALTER TABLE `amigos_42`
  ADD PRIMARY KEY (`id_amigo`);

--
-- Indices de la tabla `amigos_43`
--
ALTER TABLE `amigos_43`
  ADD PRIMARY KEY (`id_amigo`);

--
-- Indices de la tabla `amigos_44`
--
ALTER TABLE `amigos_44`
  ADD PRIMARY KEY (`id_amigo`);

--
-- Indices de la tabla `amigos_45`
--
ALTER TABLE `amigos_45`
  ADD PRIMARY KEY (`id_amigo`);

--
-- Indices de la tabla `amigos_46`
--
ALTER TABLE `amigos_46`
  ADD PRIMARY KEY (`id_amigo`);

--
-- Indices de la tabla `amigos_47`
--
ALTER TABLE `amigos_47`
  ADD PRIMARY KEY (`id_amigo`);

--
-- Indices de la tabla `amigos_48`
--
ALTER TABLE `amigos_48`
  ADD PRIMARY KEY (`id_amigo`);

--
-- Indices de la tabla `amigos_49`
--
ALTER TABLE `amigos_49`
  ADD PRIMARY KEY (`id_amigo`);

--
-- Indices de la tabla `amigos_50`
--
ALTER TABLE `amigos_50`
  ADD PRIMARY KEY (`id_amigo`);

--
-- Indices de la tabla `amigos_51`
--
ALTER TABLE `amigos_51`
  ADD PRIMARY KEY (`id_amigo`);

--
-- Indices de la tabla `amigos_52`
--
ALTER TABLE `amigos_52`
  ADD PRIMARY KEY (`id_amigo`);

--
-- Indices de la tabla `amigos_53`
--
ALTER TABLE `amigos_53`
  ADD PRIMARY KEY (`id_amigo`);

--
-- Indices de la tabla `amigos_54`
--
ALTER TABLE `amigos_54`
  ADD PRIMARY KEY (`id_amigo`);

--
-- Indices de la tabla `amigos_55`
--
ALTER TABLE `amigos_55`
  ADD PRIMARY KEY (`id_amigo`);

--
-- Indices de la tabla `amigos_56`
--
ALTER TABLE `amigos_56`
  ADD PRIMARY KEY (`id_amigo`);

--
-- Indices de la tabla `amigos_57`
--
ALTER TABLE `amigos_57`
  ADD PRIMARY KEY (`id_amigo`);

--
-- Indices de la tabla `amigos_58`
--
ALTER TABLE `amigos_58`
  ADD PRIMARY KEY (`id_amigo`);

--
-- Indices de la tabla `amigos_59`
--
ALTER TABLE `amigos_59`
  ADD PRIMARY KEY (`id_amigo`);

--
-- Indices de la tabla `amigos_60`
--
ALTER TABLE `amigos_60`
  ADD PRIMARY KEY (`id_amigo`);

--
-- Indices de la tabla `amigos_61`
--
ALTER TABLE `amigos_61`
  ADD PRIMARY KEY (`id_amigo`);

--
-- Indices de la tabla `amigos_62`
--
ALTER TABLE `amigos_62`
  ADD PRIMARY KEY (`id_amigo`);

--
-- Indices de la tabla `amigos_63`
--
ALTER TABLE `amigos_63`
  ADD PRIMARY KEY (`id_amigo`);

--
-- Indices de la tabla `amigos_64`
--
ALTER TABLE `amigos_64`
  ADD PRIMARY KEY (`id_amigo`);

--
-- Indices de la tabla `amigos_65`
--
ALTER TABLE `amigos_65`
  ADD PRIMARY KEY (`id_amigo`);

--
-- Indices de la tabla `amigos_66`
--
ALTER TABLE `amigos_66`
  ADD PRIMARY KEY (`id_amigo`);

--
-- Indices de la tabla `amigos_67`
--
ALTER TABLE `amigos_67`
  ADD PRIMARY KEY (`id_amigo`);

--
-- Indices de la tabla `amigos_68`
--
ALTER TABLE `amigos_68`
  ADD PRIMARY KEY (`id_amigo`);

--
-- Indices de la tabla `amigos_69`
--
ALTER TABLE `amigos_69`
  ADD PRIMARY KEY (`id_amigo`);

--
-- Indices de la tabla `amigos_70`
--
ALTER TABLE `amigos_70`
  ADD PRIMARY KEY (`id_amigo`);

--
-- Indices de la tabla `amigos_71`
--
ALTER TABLE `amigos_71`
  ADD PRIMARY KEY (`id_amigo`);

--
-- Indices de la tabla `amigos_72`
--
ALTER TABLE `amigos_72`
  ADD PRIMARY KEY (`id_amigo`);

--
-- Indices de la tabla `amigos_73`
--
ALTER TABLE `amigos_73`
  ADD PRIMARY KEY (`id_amigo`);

--
-- Indices de la tabla `amigos_74`
--
ALTER TABLE `amigos_74`
  ADD PRIMARY KEY (`id_amigo`);

--
-- Indices de la tabla `logros`
--
ALTER TABLE `logros`
  ADD PRIMARY KEY (`id_logro`);

--
-- Indices de la tabla `metas`
--
ALTER TABLE `metas`
  ADD PRIMARY KEY (`id_meta`);

--
-- Indices de la tabla `minimetas`
--
ALTER TABLE `minimetas`
  ADD PRIMARY KEY (`id_tarea`);

--
-- Indices de la tabla `users`
--
ALTER TABLE `users`
  ADD PRIMARY KEY (`idusuario`);

--
-- AUTO_INCREMENT de las tablas volcadas
--

--
-- AUTO_INCREMENT de la tabla `logros`
--
ALTER TABLE `logros`
  MODIFY `id_logro` int(3) NOT NULL AUTO_INCREMENT, AUTO_INCREMENT=9;

--
-- AUTO_INCREMENT de la tabla `metas`
--
ALTER TABLE `metas`
  MODIFY `id_meta` int(5) NOT NULL AUTO_INCREMENT, AUTO_INCREMENT=64;

--
-- AUTO_INCREMENT de la tabla `minimetas`
--
ALTER TABLE `minimetas`
  MODIFY `id_tarea` int(3) NOT NULL AUTO_INCREMENT, AUTO_INCREMENT=160;

--
-- AUTO_INCREMENT de la tabla `users`
--
ALTER TABLE `users`
  MODIFY `idusuario` int(11) NOT NULL AUTO_INCREMENT, AUTO_INCREMENT=75;
COMMIT;

/*!40101 SET CHARACTER_SET_CLIENT=@OLD_CHARACTER_SET_CLIENT */;
/*!40101 SET CHARACTER_SET_RESULTS=@OLD_CHARACTER_SET_RESULTS */;
/*!40101 SET COLLATION_CONNECTION=@OLD_COLLATION_CONNECTION */;
